<?xml version="1.0" encoding="UTF-8"?>
<configurationDescriptor version="97">
  <logicalFolder name="root" displayName="root" projectFiles="true" kind="ROOT">
    <logicalFolder name="decode" displayName="decode" projectFiles="true">
      <itemPath>decode/d_interp.c</itemPath>
      <itemPath>decode/d_phase.c</itemPath>
      <itemPath>decode/d_postfilter.c</itemPath>
      <itemPath>decode/d_quantise.c</itemPath>
      <itemPath>decode/d_sine.c</itemPath>
    </logicalFolder>
    <logicalFolder name="encode" displayName="encode" projectFiles="true">
      <itemPath>encode/e_nlp.c</itemPath>
      <itemPath>encode/e_quantise.c</itemPath>
      <itemPath>encode/e_sine.c</itemPath>
    </logicalFolder>
    <logicalFolder name="HeaderFiles"
                   displayName="Header Files"
                   projectFiles="true">
      <itemPath>header/codec2.h</itemPath>
      <itemPath>header/codec2_fft.h</itemPath>
      <itemPath>header/comp.h</itemPath>
      <itemPath>header/defines.h</itemPath>
      <itemPath>header/interp.h</itemPath>
      <itemPath>header/kiss_fft.h</itemPath>
      <itemPath>header/kiss_fftr.h</itemPath>
      <itemPath>header/nlp.h</itemPath>
      <itemPath>header/phase.h</itemPath>
      <itemPath>header/postfilter.h</itemPath>
      <itemPath>header/quantise.h</itemPath>
      <itemPath>header/sine.h</itemPath>
    </logicalFolder>
    <logicalFolder name="ResourceFiles"
                   displayName="Resource Files"
                   projectFiles="true">
    </logicalFolder>
    <logicalFolder name="SourceFiles"
                   displayName="Source Files"
                   projectFiles="true">
      <itemPath>src/codebook.c</itemPath>
      <itemPath>src/codec2.c</itemPath>
      <itemPath>src/codec2_fft.c</itemPath>
      <itemPath>src/kiss_fft.c</itemPath>
      <itemPath>src/kiss_fftr.c</itemPath>
      <itemPath>src/pack.c</itemPath>
    </logicalFolder>
    <logicalFolder name="TestFiles"
                   displayName="Test Files"
                   projectFiles="false"
                   kind="TEST_LOGICAL_FOLDER">
    </logicalFolder>
    <logicalFolder name="ExternalFiles"
                   displayName="Important Files"
                   projectFiles="false"
                   kind="IMPORTANT_FILES_FOLDER">
      <itemPath>Makefile</itemPath>
    </logicalFolder>
  </logicalFolder>
  <sourceRootList>
    <Elem>decode</Elem>
    <Elem>encode</Elem>
  </sourceRootList>
  <projectmakefile>Makefile</projectmakefile>
  <confs>
    <conf name="Debug" type="2">
      <toolsSet>
        <compilerSet>default</compilerSet>
        <dependencyChecking>true</dependencyChecking>
        <rebuildPropChanged>true</rebuildPropChanged>
      </toolsSet>
      <compileType>
        <cTool>
          <incDir>
            <pElem>header</pElem>
          </incDir>
          <commandLine>-Wall -fsingle-precision-constant</commandLine>
        </cTool>
        <linkerTool>
          <linkerLibItems>
            <linkerLibStdlibItem>Mathematics</linkerLibStdlibItem>
          </linkerLibItems>
        </linkerTool>
      </compileType>
      <item path="decode/d_interp.c" ex="false" tool="0" flavor2="0">
      </item>
      <item path="decode/d_phase.c" ex="false" tool="0" flavor2="0">
      </item>
      <item path="decode/d_postfilter.c" ex="false" tool="0" flavor2="0">
      </item>
      <item path="decode/d_quantise.c" ex="false" tool="0" flavor2="0">
      </item>
      <item path="decode/d_sine.c" ex="false" tool="0" flavor2="0">
      </item>
      <item path="encode/e_nlp.c" ex="false" tool="0" flavor2="0">
      </item>
      <item path="encode/e_quantise.c" ex="false" tool="0" flavor2="0">
      </item>
      <item path="encode/e_sine.c" ex="false" tool="0" flavor2="0">
      </item>
      <item path="header/codec2.h" ex="false" tool="3" flavor2="0">
      </item>
      <item path="header/codec2_fft.h" ex="false" tool="3" flavor2="0">
      </item>
      <item path="header/comp.h" ex="false" tool="3" flavor2="0">
      </item>
      <item path="header/defines.h" ex="false" tool="3" flavor2="0">
      </item>
      <item path="header/interp.h" ex="false" tool="3" flavor2="0">
      </item>
      <item path="header/kiss_fft.h" ex="false" tool="3" flavor2="0">
      </item>
      <item path="header/kiss_fftr.h" ex="false" tool="3" flavor2="0">
      </item>
      <item path="header/nlp.h" ex="false" tool="3" flavor2="0">
      </item>
      <item path="header/phase.h" ex="false" tool="3" flavor2="0">
      </item>
      <item path="header/postfilter.h" ex="false" tool="3" flavor2="0">
      </item>
      <item path="header/quantise.h" ex="false" tool="3" flavor2="0">
      </item>
      <item path="header/sine.h" ex="false" tool="3" flavor2="0">
      </item>
      <item path="src/codebook.c" ex="false" tool="0" flavor2="0">
      </item>
      <item path="src/codec2.c" ex="false" tool="0" flavor2="0">
      </item>
      <item path="src/codec2_fft.c" ex="false" tool="0" flavor2="0">
      </item>
      <item path="src/kiss_fft.c" ex="false" tool="0" flavor2="0">
      </item>
      <item path="src/kiss_fftr.c" ex="false" tool="0" flavor2="0">
      </item>
      <item path="src/pack.c" ex="false" tool="0" flavor2="0">
      </item>
    </conf>
    <conf name="Release" type="2">
      <toolsSet>
        <compilerSet>default</compilerSet>
        <dependencyChecking>true</dependencyChecking>
        <rebuildPropChanged>false</rebuildPropChanged>
      </toolsSet>
      <compileType>
        <cTool>
          <developmentMode>5</developmentMode>
          <incDir>
            <pElem>header</pElem>
          </incDir>
          <commandLine>-Wall -fsingle-precision-constant</commandLine>
        </cTool>
        <ccTool>
          <developmentMode>5</developmentMode>
        </ccTool>
        <fortranCompilerTool>
          <developmentMode>5</developmentMode>
        </fortranCompilerTool>
        <asmTool>
          <developmentMode>5</developmentMode>
        </asmTool>
        <linkerTool>
          <output>${CND_DISTDIR}/${CND_CONF}/${CND_PLATFORM}/libcodec1300.${CND_DLIB_EXT}</output>
          <linkerLibItems>
            <linkerLibStdlibItem>Mathematics</linkerLibStdlibItem>
          </linkerLibItems>
        </linkerTool>
      </compileType>
      <item path="decode/d_interp.c" ex="false" tool="0" flavor2="0">
      </item>
      <item path="decode/d_phase.c" ex="false" tool="0" flavor2="0">
      </item>
      <item path="decode/d_postfilter.c" ex="false" tool="0" flavor2="0">
      </item>
      <item path="decode/d_quantise.c" ex="false" tool="0" flavor2="0">
      </item>
      <item path="decode/d_sine.c" ex="false" tool="0" flavor2="0">
      </item>
      <item path="encode/e_nlp.c" ex="false" tool="0" flavor2="0">
      </item>
      <item path="encode/e_quantise.c" ex="false" tool="0" flavor2="0">
      </item>
      <item path="encode/e_sine.c" ex="false" tool="0" flavor2="0">
      </item>
      <item path="header/codec2.h" ex="false" tool="3" flavor2="0">
      </item>
      <item path="header/codec2_fft.h" ex="false" tool="3" flavor2="0">
      </item>
      <item path="header/comp.h" ex="false" tool="3" flavor2="0">
      </item>
      <item path="header/defines.h" ex="false" tool="3" flavor2="0">
      </item>
      <item path="header/interp.h" ex="false" tool="3" flavor2="0">
      </item>
      <item path="header/kiss_fft.h" ex="false" tool="3" flavor2="0">
      </item>
      <item path="header/kiss_fftr.h" ex="false" tool="3" flavor2="0">
      </item>
      <item path="header/nlp.h" ex="false" tool="3" flavor2="0">
      </item>
      <item path="header/phase.h" ex="false" tool="3" flavor2="0">
      </item>
      <item path="header/postfilter.h" ex="false" tool="3" flavor2="0">
      </item>
      <item path="header/quantise.h" ex="false" tool="3" flavor2="0">
      </item>
      <item path="header/sine.h" ex="false" tool="3" flavor2="0">
      </item>
      <item path="src/codebook.c" ex="false" tool="0" flavor2="0">
      </item>
      <item path="src/codec2.c" ex="false" tool="0" flavor2="0">
      </item>
      <item path="src/codec2_fft.c" ex="false" tool="0" flavor2="0">
      </item>
      <item path="src/kiss_fft.c" ex="false" tool="0" flavor2="0">
      </item>
      <item path="src/kiss_fftr.c" ex="false" tool="0" flavor2="0">
      </item>
      <item path="src/pack.c" ex="false" tool="0" flavor2="0">
      </item>
    </conf>
  </confs>
</configurationDescriptor>
